system,mean_edge,stderr_edge,mean_ev,edge_stdev,trials,num_hands,num_decks
hi_lo,0.20627542330833504,0.04480227499784918,0.0033814,0.20036186488366003,20,500000,6
ko,0.3999929664890647,0.02076601210751762,0.00698365,0.09286842938798615,20,500000,6
zen,0.45083636517844167,0.04401179402739331,0.0103882,0.19682672651394137,20,500000,6
