system,mean_edge,stderr_edge,mean_ev,edge_stdev,trials,num_hands,num_decks
hi_lo,0.2433293948927378,0.04381717040979249,0.0039923499999999995,0.19595634323597666,20,500000,6
ko,0.2280081664163666,0.044574539691045585,0.0039801,0.19934340162988082,20,500000,6
zen,0.3989771428736224,0.05230199638546649,0.00920715,0.23390163855370275,20,500000,6
